,area_id,area_name,crm_cd,crm_cd_desc,date_occ,date_rptd,dr_no,location,location_1,mocodes,premis_cd,premis_desc,rpt_dist_no,status,status_desc,time_occ,vict_age,vict_descent,vict_sex,weapon_desc,weapon_used_cd,lat,lon,zipcode,year
0,01,Central,310,BURGLARY,2010-08-06T00:00:00.000,2010-08-07T00:00:00.000,100101320,300 E  8TH                          ST,"{'type': 'Point', 'coordinates': [-118.2517, 34.0413]}",0324,203,OTHER BUSINESS,0176,IC,Invest Cont,1730,25,H,F,,,34.0413,-118.2517,90014,2010
1,01,Central,210,ROBBERY,2010-11-25T00:00:00.000,2010-11-26T00:00:00.000,100101643,5TH,"{'type': 'Point', 'coordinates': [-118.2476, 34.0461]}",0411,102,SIDEWALK,0145,IC,Invest Cont,2100,51,H,M,OTHER KNIFE,207,34.0461,-118.2476,90014,2010
2,01,Central,946,OTHER MISCELLANEOUS CRIME,2010-01-27T00:00:00.000,2010-01-29T00:00:00.000,100105528,100 E  5TH                          ST,"{'type': 'Point', 'coordinates': [-118.2485, 34.0467]}",,101,STREET,0154,IC,Invest Cont,1430,43,W,M,,,34.0467,-118.2485,90014,2010
3,07,Wilshire,930,CRIMINAL THREATS - NO WEAPON DISPLAYED,2010-03-12T00:00:00.000,2010-03-12T00:00:00.000,100700660,7600    BEVERLY                      BL,"{'type': 'Point', 'coordinates': [-118.3555, 34.0761]}",0421,109,PARK/PLAYGROUND,0724,AA,Adult Arrest,1050,41,B,M,VERBAL THREAT,511,34.0761,-118.3555,90036,2010
4,07,Wilshire,626,INTIMATE PARTNER - SIMPLE ASSAULT,2010-03-13T00:00:00.000,2010-03-13T00:00:00.000,100700661,600 S  DETROIT                      ST,"{'type': 'Point', 'coordinates': [-118.3451, 34.0649]}",0400 2000,502,"MULTI-UNIT DWELLING (APARTMENT, DUPLEX, ETC)",0735,AA,Adult Arrest,0600,27,O,F,"STRONG-ARM (HANDS, FIST, FEET OR BODILY FORCE)",400,34.0649,-118.3451,90036,2010
5,07,Wilshire,930,CRIMINAL THREATS - NO WEAPON DISPLAYED,2010-03-23T00:00:00.000,2010-03-24T00:00:00.000,100700688,LA CIENEGA                   BL,"{'type': 'Point', 'coordinates': [-118.3765, 34.073]}",0400 0416 0421 1402,108,PARKING LOT,0721,AA,Adult Arrest,2350,20,H,F,VERBAL THREAT,511,34.073,-118.3765,90048,2010
6,07,Wilshire,626,INTIMATE PARTNER - SIMPLE ASSAULT,2010-03-23T00:00:00.000,2010-03-24T00:00:00.000,100700689,1100    NORTON                       AV,"{'type': 'Point', 'coordinates': [-118.3219, 34.0516]}",0400 0416 2000,502,"MULTI-UNIT DWELLING (APARTMENT, DUPLEX, ETC)",0759,AA,Adult Arrest,2330,35,O,M,UNKNOWN WEAPON/OTHER WEAPON,500,34.0516,-118.3219,90005,2010
7,07,Wilshire,236,INTIMATE PARTNER - AGGRAVATED ASSAULT,2010-04-05T00:00:00.000,2010-04-05T00:00:00.000,100700719,4400 W  WASHINGTON                   BL,"{'type': 'Point', 'coordinates': [-118.3353, 34.0399]}",0400 0416 2000,502,"MULTI-UNIT DWELLING (APARTMENT, DUPLEX, ETC)",0787,AO,Adult Other,2000,43,K,F,"STRONG-ARM (HANDS, FIST, FEET OR BODILY FORCE)",400,34.0399,-118.3353,90019,2010
8,07,Wilshire,236,INTIMATE PARTNER - AGGRAVATED ASSAULT,2010-04-05T00:00:00.000,2010-04-05T00:00:00.000,100700720,4400 W  WASHINGTON                   BL,"{'type': 'Point', 'coordinates': [-118.3353, 34.0399]}",0416 2000,502,"MULTI-UNIT DWELLING (APARTMENT, DUPLEX, ETC)",0787,AO,Adult Other,2000,44,H,M,"STRONG-ARM (HANDS, FIST, FEET OR BODILY FORCE)",400,34.0399,-118.3353,90019,2010
9,07,Wilshire,230,"ASSAULT WITH DEADLY WEAPON, AGGRAVATED ASSAULT",2010-04-12T00:00:00.000,2010-04-12T00:00:00.000,100700734,CLOVERDALE                   AV,"{'type': 'Point', 'coordinates': [-118.3462, 34.0623]}",0400 0416 0417,735,NIGHT CLUB (OPEN EVENINGS ONLY),0737,AO,Adult Other,0155,24,O,M,"STRONG-ARM (HANDS, FIST, FEET OR BODILY FORCE)",400,34.0623,-118.3462,90036,2010
10,07,Wilshire,626,INTIMATE PARTNER - SIMPLE ASSAULT,2010-04-23T00:00:00.000,2010-04-23T00:00:00.000,100700749,1400 S  RIDGELEY                     DR,"{'type': 'Point', 'coordinates': [-118.3558, 34.0485]}",2000,501,SINGLE FAMILY DWELLING,0764,AA,Adult Arrest,1815,33,H,F,"STRONG-ARM (HANDS, FIST, FEET OR BODILY FORCE)",400,34.0485,-118.3558,90019,2010
11,07,Wilshire,626,INTIMATE PARTNER - SIMPLE ASSAULT,2010-05-07T00:00:00.000,2010-05-07T00:00:00.000,100700790,1800 S  HIGHLAND                     AV,"{'type': 'Point', 'coordinates': [-118.3456, 34.0421]}",0416 2000,501,SINGLE FAMILY DWELLING,0775,AA,Adult Arrest,0120,46,W,M,UNKNOWN WEAPON/OTHER WEAPON,500,34.0421,-118.3456,90019,2010
12,07,Wilshire,626,INTIMATE PARTNER - SIMPLE ASSAULT,2010-05-16T00:00:00.000,2010-05-16T00:00:00.000,100700814,1400    MEADOWBROOK                  AV,"{'type': 'Point', 'coordinates': [-118.3504, 34.0481]}",0906 2000,710,OTHER PREMISE,0764,AA,Adult Arrest,1300,17,H,F,,,34.0481,-118.3504,90019,2010
13,07,Wilshire,626,INTIMATE PARTNER - SIMPLE ASSAULT,2010-05-24T00:00:00.000,2010-05-24T00:00:00.000,100700834,1100    NORTON                       AV,"{'type': 'Point', 'coordinates': [-118.3219, 34.0516]}",0400 0416 2000,502,"MULTI-UNIT DWELLING (APARTMENT, DUPLEX, ETC)",0759,AA,Adult Arrest,0130,32,W,M,"STRONG-ARM (HANDS, FIST, FEET OR BODILY FORCE)",400,34.0516,-118.3219,90005,2010
14,07,Wilshire,946,OTHER MISCELLANEOUS CRIME,2010-06-12T00:00:00.000,2010-06-12T00:00:00.000,100700859,2100    WELLINGTON                   RD,"{'type': 'Point', 'coordinates': [-118.3351, 34.0377]}",0432,501,SINGLE FAMILY DWELLING,0787,AO,Adult Other,1440,44,B,M,VERBAL THREAT,511,34.0377,-118.3351,90019,2010
15,07,Wilshire,626,INTIMATE PARTNER - SIMPLE ASSAULT,2010-06-20T00:00:00.000,2010-06-20T00:00:00.000,100700874,5000    BANGOR                       ST,"{'type': 'Point', 'coordinates': [-118.3508, 34.0355]}",0400 2000,102,SIDEWALK,0784,AO,Adult Other,0300,33,B,M,"STRONG-ARM (HANDS, FIST, FEET OR BODILY FORCE)",400,34.0355,-118.3508,90016,2010
16,07,Wilshire,626,INTIMATE PARTNER - SIMPLE ASSAULT,2010-06-27T00:00:00.000,2010-06-27T00:00:00.000,100700889,MELROSE                      AV,"{'type': 'Point', 'coordinates': [-118.3416, 34.0835]}",0400 1414 2000,102,SIDEWALK,0706,AA,Adult Arrest,0300,24,H,F,"STRONG-ARM (HANDS, FIST, FEET OR BODILY FORCE)",400,34.0835,-118.3416,90038,2010
17,07,Wilshire,230,"ASSAULT WITH DEADLY WEAPON, AGGRAVATED ASSAULT",2010-06-27T00:00:00.000,2010-06-27T00:00:00.000,100700892,1600 S  HIGHLAND                     AV,"{'type': 'Point', 'coordinates': [-118.3441, 34.0461]}",0400 1402,502,"MULTI-UNIT DWELLING (APARTMENT, DUPLEX, ETC)",0774,AA,Adult Arrest,0410,31,B,F,KNIFE WITH BLADE 6INCHES OR LESS,200,34.0461,-118.3441,90019,2010
18,07,Wilshire,230,"ASSAULT WITH DEADLY WEAPON, AGGRAVATED ASSAULT",2010-07-01T00:00:00.000,2010-07-01T00:00:00.000,100700898,4800 W  WASHINGTON                   BL,"{'type': 'Point', 'coordinates': [-118.3435, 34.0399]}",0416 1402 1810,510,NURSING/CONVALESCENT/RETIREMENT HOME,0785,AO,Adult Other,0715,63,W,M,STICK,308,34.0399,-118.3435,90019,2010
19,07,Wilshire,230,"ASSAULT WITH DEADLY WEAPON, AGGRAVATED ASSAULT",2010-07-02T00:00:00.000,2010-07-02T00:00:00.000,100700902,WASHINGTON,"{'type': 'Point', 'coordinates': [-118.3398, 34.0399]}",0302 1100 1310 1414,101,STREET,0776,AO,Adult Other,0200,39,O,M,HAND GUN,102,34.0399,-118.3398,90019,2010
20,07,Wilshire,626,INTIMATE PARTNER - SIMPLE ASSAULT,2010-07-06T00:00:00.000,2010-07-06T00:00:00.000,100700910,4600    LOMITA                       ST,"{'type': 'Point', 'coordinates': [-118.3374, 34.0459]}",0416 1243 2000,502,"MULTI-UNIT DWELLING (APARTMENT, DUPLEX, ETC)",0776,AA,Adult Arrest,0450,42,B,F,"STRONG-ARM (HANDS, FIST, FEET OR BODILY FORCE)",400,34.0459,-118.3374,90019,2010
21,07,Wilshire,930,CRIMINAL THREATS - NO WEAPON DISPLAYED,2010-07-09T00:00:00.000,2010-07-09T00:00:00.000,100700920,LA BREA                      BL,"{'type': 'Point', 'coordinates': [-118.3447, 34.0479]}",0421 1402,102,SIDEWALK,0765,AO,Adult Other,2025,34,B,M,VERBAL THREAT,511,34.0479,-118.3447,90019,2010
22,07,Wilshire,230,"ASSAULT WITH DEADLY WEAPON, AGGRAVATED ASSAULT",2010-07-15T00:00:00.000,2010-07-15T00:00:00.000,100700936,1500    MEADOWBROOK                  AV,"{'type': 'Point', 'coordinates': [-118.351, 34.0465]}",0416 1402,501,SINGLE FAMILY DWELLING,0764,AA,Adult Arrest,2315,61,W,M,UNKNOWN WEAPON/OTHER WEAPON,500,34.0465,-118.351,90019,2010
23,07,Wilshire,930,CRIMINAL THREATS - NO WEAPON DISPLAYED,2010-05-05T00:00:00.000,2010-05-05T00:00:00.000,100709480,5100    PICKFORD                     ST,"{'type': 'Point', 'coordinates': [-118.3513, 34.0436]}",0421,101,STREET,0773,AO,Adult Other,0935,45,B,F,VERBAL THREAT,511,34.0436,-118.3513,90019,2010
24,07,Wilshire,626,INTIMATE PARTNER - SIMPLE ASSAULT,2010-08-01T00:00:00.000,2010-08-02T00:00:00.000,100700942,WASHINGTON                   BL,"{'type': 'Point', 'coordinates': [-118.3311, 34.0399]}",0416 1300 1307 1814 2000,101,STREET,0788,AA,Adult Arrest,2235,33,B,F,"STRONG-ARM (HANDS, FIST, FEET OR BODILY FORCE)",400,34.0399,-118.3311,90019,2010
25,07,Wilshire,230,"ASSAULT WITH DEADLY WEAPON, AGGRAVATED ASSAULT",2010-05-13T00:00:00.000,2010-08-05T00:00:00.000,100700987,4000 W  JOHNNIE COCH                 AV,"{'type': 'Point', 'coordinates': [-118.3269, 34.0418]}",0400 0417,502,"MULTI-UNIT DWELLING (APARTMENT, DUPLEX, ETC)",0778,AA,Adult Arrest,2100,39,H,F,"STRONG-ARM (HANDS, FIST, FEET OR BODILY FORCE)",400,34.0418,-118.3269,90018,2010
26,07,Wilshire,230,"ASSAULT WITH DEADLY WEAPON, AGGRAVATED ASSAULT",2010-08-19T00:00:00.000,2010-08-19T00:00:00.000,100701019,700 N  LA CIENEGA                   BL,"{'type': 'Point', 'coordinates': [-118.3765, 34.0842]}",0400 0416 0906,207,BAR/COCKTAIL/NIGHTCLUB,0701,AA,Adult Arrest,0145,21,W,M,BOTTLE,212,34.0842,-118.3765,90069,2010
27,07,Wilshire,236,INTIMATE PARTNER - AGGRAVATED ASSAULT,2010-08-20T00:00:00.000,2010-08-20T00:00:00.000,100701021,400 N  ROSSMORE                     AV,"{'type': 'Point', 'coordinates': [-118.3273, 34.0776]}",0416 2000,502,"MULTI-UNIT DWELLING (APARTMENT, DUPLEX, ETC)",0719,AA,Adult Arrest,0115,33,W,F,"STRONG-ARM (HANDS, FIST, FEET OR BODILY FORCE)",400,34.0776,-118.3273,90038,2010
28,07,Wilshire,626,INTIMATE PARTNER - SIMPLE ASSAULT,2010-09-27T00:00:00.000,2010-09-27T00:00:00.000,100701091,1600 S  LA BREA                      AV,"{'type': 'Point', 'coordinates': [-118.3454, 34.0459]}",0400 0416 1402,101,STREET,0774,AA,Adult Arrest,0125,50,H,M,STICK,308,34.0459,-118.3454,90019,2010
29,07,Wilshire,624,BATTERY - SIMPLE ASSAULT,2010-02-12T00:00:00.000,2010-02-12T00:00:00.000,100705934,SANTA MONICA                 FY,"{'type': 'Point', 'coordinates': [-118.3497, 34.0344]}",0416 1217 1251,101,STREET,0784,AA,Adult Arrest,0200,18,O,M,"STRONG-ARM (HANDS, FIST, FEET OR BODILY FORCE)",400,34.0344,-118.3497,90016,2010
30,07,Wilshire,626,INTIMATE PARTNER - SIMPLE ASSAULT,2010-02-25T00:00:00.000,2010-02-25T00:00:00.000,100706494,600    MASSELIN                     AV,"{'type': 'Point', 'coordinates': [-118.3525, 34.0649]}",0400 2000,502,"MULTI-UNIT DWELLING (APARTMENT, DUPLEX, ETC)",0733,AA,Adult Arrest,1130,39,K,F,"STRONG-ARM (HANDS, FIST, FEET OR BODILY FORCE)",400,34.0649,-118.3525,90036,2010
31,07,Wilshire,626,INTIMATE PARTNER - SIMPLE ASSAULT,2010-03-01T00:00:00.000,2010-03-01T00:00:00.000,100706634,4700    LOMITA                       ST,"{'type': 'Point', 'coordinates': [-118.3387, 34.0463]}",2000,502,"MULTI-UNIT DWELLING (APARTMENT, DUPLEX, ETC)",0776,AA,Adult Arrest,1250,23,H,F,,,34.0463,-118.3387,90019,2010
32,07,Wilshire,626,INTIMATE PARTNER - SIMPLE ASSAULT,2010-03-05T00:00:00.000,2010-03-05T00:00:00.000,100706811,1100    CRENSHAW                     BL,"{'type': 'Point', 'coordinates': [-118.3238, 34.0531]}",2000,501,SINGLE FAMILY DWELLING,0758,AA,Adult Arrest,0030,26,H,F,"STRONG-ARM (HANDS, FIST, FEET OR BODILY FORCE)",400,34.0531,-118.3238,90005,2010
33,07,Wilshire,626,INTIMATE PARTNER - SIMPLE ASSAULT,2010-03-06T00:00:00.000,2010-03-06T00:00:00.000,100706893,BURTON                       WY,"{'type': 'Point', 'coordinates': [-118.3857, 34.0721]}",0400 2000,503,HOTEL,0721,AA,Adult Arrest,2330,23,H,F,"STRONG-ARM (HANDS, FIST, FEET OR BODILY FORCE)",400,34.0721,-118.3857,90048,2010
34,07,Wilshire,626,INTIMATE PARTNER - SIMPLE ASSAULT,2010-03-07T00:00:00.000,2010-03-07T00:00:00.000,100706906,600 S  COCHRAN                      AV,"{'type': 'Point', 'coordinates': [-118.3472, 34.0649]}",0416 1414 2000,502,"MULTI-UNIT DWELLING (APARTMENT, DUPLEX, ETC)",0735,AA,Adult Arrest,0715,20,O,F,,,34.0649,-118.3472,90036,2010
35,07,Wilshire,230,"ASSAULT WITH DEADLY WEAPON, AGGRAVATED ASSAULT",2010-03-10T00:00:00.000,2010-03-10T00:00:00.000,100707057,7TH,"{'type': 'Point', 'coordinates': [-118.3248, 34.0399]}",0400,111,BUS-CHARTER/PRIVATE,0789,AA,Adult Arrest,1700,14,H,F,"STRONG-ARM (HANDS, FIST, FEET OR BODILY FORCE)",400,34.0399,-118.3248,90018,2010
36,07,Wilshire,230,"ASSAULT WITH DEADLY WEAPON, AGGRAVATED ASSAULT",2010-03-13T00:00:00.000,2010-03-13T00:00:00.000,100707204,SAN VICENTE,"{'type': 'Point', 'coordinates': [-118.3547, 34.0541]}",1300 1309,101,STREET,0755,AO,Adult Other,1145,50,W,M,VEHICLE,307,34.0541,-118.3547,90019,2010
37,01,Central,331,THEFT FROM MOTOR VEHICLE - GRAND ($400 AND OVER),2010-02-11T00:00:00.000,2010-02-15T00:00:00.000,100106362,8TH,"{'type': 'Point', 'coordinates': [-118.2542, 34.0434]}",0344,101,STREET,0163,IC,Invest Cont,1800,25,W,M,,,34.0434,-118.2542,90014,2010
38,07,Wilshire,230,"ASSAULT WITH DEADLY WEAPON, AGGRAVATED ASSAULT",2010-03-15T00:00:00.000,2010-03-15T00:00:00.000,100707279,1800 S  VICTORIA                     AV,"{'type': 'Point', 'coordinates': [-118.3317, 34.0412]}",0360 1242 1402,502,"MULTI-UNIT DWELLING (APARTMENT, DUPLEX, ETC)",0777,AO,Adult Other,2320,58,B,F,KNIFE WITH BLADE 6INCHES OR LESS,200,34.0412,-118.3317,90019,2010
39,07,Wilshire,626,INTIMATE PARTNER - SIMPLE ASSAULT,2010-03-15T00:00:00.000,2010-03-16T00:00:00.000,100707306,1100 S  LUCERNE                      BL,"{'type': 'Point', 'coordinates': [-118.3288, 34.0537]}",0400 0416 1310 1309 1414 2000,101,STREET,0758,AA,Adult Arrest,1700,19,B,F,VEHICLE,307,34.0537,-118.3288,90019,2010
40,07,Wilshire,930,CRIMINAL THREATS - NO WEAPON DISPLAYED,2010-03-16T00:00:00.000,2010-03-16T00:00:00.000,100707319,WASHINGTON                   BL,"{'type': 'Point', 'coordinates': [-118.326, 34.0399]}",0334 0400 0443 1402,724,TRADE SCHOOL (MEDICAL-TECHNICAL-BUSINESS)*,0789,AA,Adult Arrest,1830,19,B,M,KNIFE WITH BLADE 6INCHES OR LESS,200,34.0399,-118.326,90018,2010
41,07,Wilshire,236,INTIMATE PARTNER - AGGRAVATED ASSAULT,2010-03-17T00:00:00.000,2010-03-17T00:00:00.000,100707349,1500 S  ARLINGTON                    BL,"{'type': 'Point', 'coordinates': [-118.3177, 34.0455]}",0400 2000,502,"MULTI-UNIT DWELLING (APARTMENT, DUPLEX, ETC)",0769,AA,Adult Arrest,0930,31,H,F,"STRONG-ARM (HANDS, FIST, FEET OR BODILY FORCE)",400,34.0455,-118.3177,90018,2010
42,07,Wilshire,230,"ASSAULT WITH DEADLY WEAPON, AGGRAVATED ASSAULT",2010-03-19T00:00:00.000,2010-03-19T00:00:00.000,100707448,4600 W  18TH                         ST,"{'type': 'Point', 'coordinates': [-118.3392, 34.0414]}",0302 1402,101,STREET,0775,AO,Adult Other,1900,45,H,M,HAND GUN,102,34.0414,-118.3392,90019,2010
43,07,Wilshire,236,INTIMATE PARTNER - AGGRAVATED ASSAULT,2010-03-21T00:00:00.000,2010-03-21T00:00:00.000,100707491,WASHINGTON,"{'type': 'Point', 'coordinates': [-118.3324, 34.0399]}",0400 2000,101,STREET,0763,AO,Adult Other,0500,24,H,F,"STRONG-ARM (HANDS, FIST, FEET OR BODILY FORCE)",400,34.0399,-118.3324,90019,2010
44,07,Wilshire,930,CRIMINAL THREATS - NO WEAPON DISPLAYED,2010-03-21T00:00:00.000,2010-03-22T00:00:00.000,100707519,4800    VENICE                       BL,"{'type': 'Point', 'coordinates': [-118.3414, 34.0466]}",0421 0432 1402,101,STREET,0765,AO,Adult Other,2245,25,H,M,STICK,308,34.0466,-118.3414,90019,2010
45,07,Wilshire,930,CRIMINAL THREATS - NO WEAPON DISPLAYED,2010-03-26T00:00:00.000,2010-03-26T00:00:00.000,100707730,4700    SATURN                       ST,"{'type': 'Point', 'coordinates': [-118.34, 34.0436]}",0443,501,SINGLE FAMILY DWELLING,0775,AO,Adult Other,1555,57,H,F,,,34.0436,-118.34,90019,2010
46,07,Wilshire,626,INTIMATE PARTNER - SIMPLE ASSAULT,2010-03-27T00:00:00.000,2010-03-27T00:00:00.000,100707773,400 N  OGDEN                        DR,"{'type': 'Point', 'coordinates': [-118.3594, 34.0782]}",0416 1414 2000,502,"MULTI-UNIT DWELLING (APARTMENT, DUPLEX, ETC)",0713,AA,Adult Arrest,1120,31,W,F,"STRONG-ARM (HANDS, FIST, FEET OR BODILY FORCE)",400,34.0782,-118.3594,90036,2010
47,07,Wilshire,930,CRIMINAL THREATS - NO WEAPON DISPLAYED,2010-03-28T00:00:00.000,2010-03-29T00:00:00.000,100707811,6000    CADILLAC                     AV,"{'type': 'Point', 'coordinates': [-118.3742, 34.0375]}",0359 0432,501,SINGLE FAMILY DWELLING,0782,AA,Adult Arrest,0005,49,H,F,VERBAL THREAT,511,34.0375,-118.3742,90016,2010
48,07,Wilshire,930,CRIMINAL THREATS - NO WEAPON DISPLAYED,2010-03-28T00:00:00.000,2010-03-29T00:00:00.000,100707812,6000    CADILLAC                     AV,"{'type': 'Point', 'coordinates': [-118.3742, 34.0375]}",0359 0432,501,SINGLE FAMILY DWELLING,0782,AA,Adult Arrest,0005,46,W,M,VERBAL THREAT,511,34.0375,-118.3742,90016,2010
49,07,Wilshire,930,CRIMINAL THREATS - NO WEAPON DISPLAYED,2010-04-06T00:00:00.000,2010-04-06T00:00:00.000,100708166,2200    6TH                          AV,"{'type': 'Point', 'coordinates': [-118.3236, 34.0371]}",0400 0432 1402,101,STREET,0789,AA,Adult Arrest,0100,46,W,F,VERBAL THREAT,511,34.0371,-118.3236,90018,2010
50,07,Wilshire,930,CRIMINAL THREATS - NO WEAPON DISPLAYED,2010-04-13T00:00:00.000,2010-04-13T00:00:00.000,100708474,1600 S  CLOVERDALE                   AV,"{'type': 'Point', 'coordinates': [-118.3526, 34.0446]}",0302 0421 1402,501,SINGLE FAMILY DWELLING,0773,AA,Adult Arrest,1300,31,B,F,STARTER PISTOL/REVOLVER,111,34.0446,-118.3526,90019,2010
51,07,Wilshire,946,OTHER MISCELLANEOUS CRIME,2010-04-13T00:00:00.000,2010-04-13T00:00:00.000,100708475,5400    WILSHIRE                     BL,"{'type': 'Point', 'coordinates': [-118.3462, 34.0623]}",1501,203,OTHER BUSINESS,0735,AO,Adult Other,1900,42,W,M,"STRONG-ARM (HANDS, FIST, FEET OR BODILY FORCE)",400,34.0623,-118.3462,90036,2010
52,07,Wilshire,930,CRIMINAL THREATS - NO WEAPON DISPLAYED,2010-04-13T00:00:00.000,2010-04-13T00:00:00.000,100708477,1600 S  CLOVERDALE                   AV,"{'type': 'Point', 'coordinates': [-118.3526, 34.0446]}",0302 0421 1402,501,SINGLE FAMILY DWELLING,0773,AA,Adult Arrest,1300,30,B,M,STARTER PISTOL/REVOLVER,111,34.0446,-118.3526,90019,2010
53,07,Wilshire,230,"ASSAULT WITH DEADLY WEAPON, AGGRAVATED ASSAULT",2010-04-14T00:00:00.000,2010-04-14T00:00:00.000,100708566,6000    CADILLAC                     AV,"{'type': 'Point', 'coordinates': [-118.3742, 34.0375]}",0416 1402,104,DRIVEWAY,0782,AA,Adult Arrest,2005,39,H,M,UNKNOWN WEAPON/OTHER WEAPON,500,34.0375,-118.3742,90016,2010
54,07,Wilshire,930,CRIMINAL THREATS - NO WEAPON DISPLAYED,2010-04-15T00:00:00.000,2010-04-15T00:00:00.000,100708567,PICO,"{'type': 'Point', 'coordinates': [-118.3392, 34.0485]}",0421 0907 1402,101,STREET,0765,AO,Adult Other,0130,47,B,F,VERBAL THREAT,511,34.0485,-118.3392,90019,2010
55,07,Wilshire,230,"ASSAULT WITH DEADLY WEAPON, AGGRAVATED ASSAULT",2010-04-15T00:00:00.000,2010-04-15T00:00:00.000,100708615,VENICE                       BL,"{'type': 'Point', 'coordinates': [-118.3441, 34.0462]}",1501,101,STREET,0763,AA,Adult Arrest,2040,41,H,M,VEHICLE,307,34.0462,-118.3441,90019,2010
56,07,Wilshire,230,"ASSAULT WITH DEADLY WEAPON, AGGRAVATED ASSAULT",2010-04-17T00:00:00.000,2010-04-17T00:00:00.000,100708675,800 N  ORANGE                       DR,"{'type': 'Point', 'coordinates': [-118.3416, 34.0853]}",0416 0907 1402,101,STREET,0706,AA,Adult Arrest,0001,25,W,M,BOTTLE,212,34.0853,-118.3416,90038,2010
57,07,Wilshire,626,INTIMATE PARTNER - SIMPLE ASSAULT,2010-04-26T00:00:00.000,2010-04-26T00:00:00.000,100709067,300 S  COCHRAN                      AV,"{'type': 'Point', 'coordinates': [-118.3472, 34.0692]}",0400 2000,502,"MULTI-UNIT DWELLING (APARTMENT, DUPLEX, ETC)",0734,AA,Adult Arrest,0800,30,W,M,"STRONG-ARM (HANDS, FIST, FEET OR BODILY FORCE)",400,34.0692,-118.3472,90036,2010
58,07,Wilshire,230,"ASSAULT WITH DEADLY WEAPON, AGGRAVATED ASSAULT",2010-05-02T00:00:00.000,2010-05-04T00:00:00.000,100709402,800 N  LA CIENEGA                   BL,"{'type': 'Point', 'coordinates': [-118.3765, 34.0853]}",,203,OTHER BUSINESS,0701,AA,Adult Arrest,1840,33,W,M,"STRONG-ARM (HANDS, FIST, FEET OR BODILY FORCE)",400,34.0853,-118.3765,90069,2010
59,07,Wilshire,626,INTIMATE PARTNER - SIMPLE ASSAULT,2010-05-07T00:00:00.000,2010-05-07T00:00:00.000,100709591,1900 S  MARVIN                       AV,"{'type': 'Point', 'coordinates': [-118.3624, 34.04]}",0400 2000,501,SINGLE FAMILY DWELLING,0773,AO,Adult Other,1045,24,H,F,"STRONG-ARM (HANDS, FIST, FEET OR BODILY FORCE)",400,34.04,-118.3624,90016,2010
60,07,Wilshire,626,INTIMATE PARTNER - SIMPLE ASSAULT,2010-05-08T00:00:00.000,2010-05-08T00:00:00.000,100709627,1100 S  SIERRA BONITA                AV,"{'type': 'Point', 'coordinates': [-118.3567, 34.0559]}",0416 2000,501,SINGLE FAMILY DWELLING,0743,AA,Adult Arrest,0555,28,H,F,"STRONG-ARM (HANDS, FIST, FEET OR BODILY FORCE)",400,34.0559,-118.3567,90019,2010
61,07,Wilshire,946,OTHER MISCELLANEOUS CRIME,2010-05-08T00:00:00.000,2010-05-08T00:00:00.000,100709646,1500    HAUSER                       BL,"{'type': 'Point', 'coordinates': [-118.3574, 34.0472]}",1501,101,STREET,0764,AA,Adult Arrest,1300,39,W,M,VERBAL THREAT,511,34.0472,-118.3574,90019,2010
62,07,Wilshire,626,INTIMATE PARTNER - SIMPLE ASSAULT,2010-05-08T00:00:00.000,2010-05-08T00:00:00.000,100709657,5800    VENICE                       BL,"{'type': 'Point', 'coordinates': [-118.3658, 34.042]}",0417 2000,501,SINGLE FAMILY DWELLING,0782,AO,Adult Other,1700,25,W,F,STICK,308,34.042,-118.3658,90016,2010
63,07,Wilshire,236,INTIMATE PARTNER - AGGRAVATED ASSAULT,2010-05-09T00:00:00.000,2010-05-09T00:00:00.000,100709662,300 S  SWALL                        DR,"{'type': 'Point', 'coordinates': [-118.3858, 34.0736]}",0400 0401 2000,502,"MULTI-UNIT DWELLING (APARTMENT, DUPLEX, ETC)",0721,AO,Adult Other,2345,28,B,F,"STRONG-ARM (HANDS, FIST, FEET OR BODILY FORCE)",400,34.0736,-118.3858,90048,2010
64,07,Wilshire,930,CRIMINAL THREATS - NO WEAPON DISPLAYED,2010-05-13T00:00:00.000,2010-05-13T00:00:00.000,100709869,800 N  HIGHLAND                     AV,"{'type': 'Point', 'coordinates': [-118.3386, 34.0853]}",0421 2000,203,OTHER BUSINESS,0706,AA,Adult Arrest,1650,39,W,F,VERBAL THREAT,511,34.0853,-118.3386,90038,2010
65,07,Wilshire,230,"ASSAULT WITH DEADLY WEAPON, AGGRAVATED ASSAULT",2010-05-13T00:00:00.000,2010-05-13T00:00:00.000,100709880,4000 W  17TH                         ST,"{'type': 'Point', 'coordinates': [-118.3255, 34.0424]}",0411 0416 1402,502,"MULTI-UNIT DWELLING (APARTMENT, DUPLEX, ETC)",0778,AA,Adult Arrest,2100,37,H,M,KNIFE WITH BLADE 6INCHES OR LESS,200,34.0424,-118.3255,90018,2010
66,08,West LA,210,ROBBERY,2010-08-13T00:00:00.000,2010-08-14T00:00:00.000,100814043,OLYMPIC,"{'type': 'Point', 'coordinates': [-118.3803, 34.0594]}",,101,STREET,0849,IC,Invest Cont,2250,28,B,M,SEMI-AUTOMATIC PISTOL,109,34.0594,-118.3803,90211,2010
67,07,Wilshire,230,"ASSAULT WITH DEADLY WEAPON, AGGRAVATED ASSAULT",2010-05-14T00:00:00.000,2010-05-14T00:00:00.000,100709881,1400 S  ORANGE GROVE                 AV,"{'type': 'Point', 'coordinates': [-118.3655, 34.0513]}",0411 1402,502,"MULTI-UNIT DWELLING (APARTMENT, DUPLEX, ETC)",0763,AA,Adult Arrest,0215,25,W,M,KNIFE WITH BLADE 6INCHES OR LESS,200,34.0513,-118.3655,90211,2010
68,07,Wilshire,230,"ASSAULT WITH DEADLY WEAPON, AGGRAVATED ASSAULT",2010-05-14T00:00:00.000,2010-05-14T00:00:00.000,100709887,4400 W  12TH                         ST,"{'type': 'Point', 'coordinates': [-118.3269, 34.0503]}",0302 0334 0400 1402,101,STREET,0758,AA,Adult Arrest,0030,32,H,M,UNKNOWN FIREARM,106,34.0503,-118.3269,90019,2010
69,07,Wilshire,930,CRIMINAL THREATS - NO WEAPON DISPLAYED,2010-05-14T00:00:00.000,2010-05-14T00:00:00.000,100709896,SAN VICENTE                  BL,"{'type': 'Point', 'coordinates': [-118.3789, 34.0754]}",0421,701,HOSPITAL,0721,AA,Adult Arrest,0330,45,H,M,VERBAL THREAT,511,34.0754,-118.3789,90048,2010
70,07,Wilshire,230,"ASSAULT WITH DEADLY WEAPON, AGGRAVATED ASSAULT",2010-05-13T00:00:00.000,2010-05-14T00:00:00.000,100709905,4800    VENICE                       BL,"{'type': 'Point', 'coordinates': [-118.3414, 34.0466]}",0400 0416,101,STREET,0765,AO,Adult Other,1430,34,B,F,"STRONG-ARM (HANDS, FIST, FEET OR BODILY FORCE)",400,34.0466,-118.3414,90019,2010
71,07,Wilshire,930,CRIMINAL THREATS - NO WEAPON DISPLAYED,2010-05-15T00:00:00.000,2010-05-16T00:00:00.000,100709965,1300    CURSON                       AV,"{'type': 'Point', 'coordinates': [-118.3592, 34.0521]}",0421 0903,501,SINGLE FAMILY DWELLING,0753,AO,Adult Other,1330,54,W,M,VERBAL THREAT,511,34.0521,-118.3592,90019,2010
72,07,Wilshire,946,OTHER MISCELLANEOUS CRIME,2010-04-12T00:00:00.000,2010-05-15T00:00:00.000,100709987,1300    CURSON                       AV,"{'type': 'Point', 'coordinates': [-118.3592, 34.0521]}",0319 0361 0359 0531 0921,501,SINGLE FAMILY DWELLING,0753,AO,Adult Other,0001,45,H,M,VERBAL THREAT,511,34.0521,-118.3592,90019,2010
73,07,Wilshire,626,INTIMATE PARTNER - SIMPLE ASSAULT,2010-05-16T00:00:00.000,2010-05-17T00:00:00.000,100709993,2500 W  18TH                         ST,"{'type': 'Point', 'coordinates': [-118.3177, 34.0409]}",0400 2000,501,SINGLE FAMILY DWELLING,0779,AA,Adult Arrest,2210,37,H,F,"STRONG-ARM (HANDS, FIST, FEET OR BODILY FORCE)",400,34.0409,-118.3177,90018,2010
74,07,Wilshire,624,BATTERY - SIMPLE ASSAULT,2010-05-17T00:00:00.000,2010-05-18T00:00:00.000,100710052,7800    MELROSE                      AV,"{'type': 'Point', 'coordinates': [-118.3595, 34.0838]}",0400,721,HIGH SCHOOL,0702,JA,Juv Arrest,1515,18,W,F,"STRONG-ARM (HANDS, FIST, FEET OR BODILY FORCE)",400,34.0838,-118.3595,90036,2010
75,07,Wilshire,626,INTIMATE PARTNER - SIMPLE ASSAULT,2010-05-22T00:00:00.000,2010-05-22T00:00:00.000,100710233,600 S  COCHRAN                      AV,"{'type': 'Point', 'coordinates': [-118.3472, 34.0649]}",0400 2000,502,"MULTI-UNIT DWELLING (APARTMENT, DUPLEX, ETC)",0735,AA,Adult Arrest,0230,21,O,F,"STRONG-ARM (HANDS, FIST, FEET OR BODILY FORCE)",400,34.0649,-118.3472,90036,2010
76,07,Wilshire,946,OTHER MISCELLANEOUS CRIME,2010-05-23T00:00:00.000,2010-05-23T00:00:00.000,100710260,1300    CURSON                       AV,"{'type': 'Point', 'coordinates': [-118.3592, 34.0521]}",0903 1222,501,SINGLE FAMILY DWELLING,0753,AO,Adult Other,1325,54,W,M,VERBAL THREAT,511,34.0521,-118.3592,90019,2010
77,07,Wilshire,230,"ASSAULT WITH DEADLY WEAPON, AGGRAVATED ASSAULT",2010-05-24T00:00:00.000,2010-05-24T00:00:00.000,100710276,HARCOURT,"{'type': 'Point', 'coordinates': [-118.3422, 34.0408]}",0400 0416 0417,101,STREET,0775,AO,Adult Other,0015,23,H,M,"STRONG-ARM (HANDS, FIST, FEET OR BODILY FORCE)",400,34.0408,-118.3422,90019,2010
78,07,Wilshire,626,INTIMATE PARTNER - SIMPLE ASSAULT,2010-05-25T00:00:00.000,2010-05-25T00:00:00.000,100710318,6400 W  3RD                          ST,"{'type': 'Point', 'coordinates': [-118.3473, 34.0692]}",0400 0416 2000,502,"MULTI-UNIT DWELLING (APARTMENT, DUPLEX, ETC)",0734,AA,Adult Arrest,0310,39,W,F,"STRONG-ARM (HANDS, FIST, FEET OR BODILY FORCE)",400,34.0692,-118.3473,90036,2010
79,07,Wilshire,626,INTIMATE PARTNER - SIMPLE ASSAULT,2010-05-24T00:00:00.000,2010-05-25T00:00:00.000,100710326,HARCOURT,"{'type': 'Point', 'coordinates': [-118.3422, 34.0408]}",0400 0416 0417,101,STREET,0775,AO,Adult Other,0015,35,H,F,"STRONG-ARM (HANDS, FIST, FEET OR BODILY FORCE)",400,34.0408,-118.3422,90019,2010
80,07,Wilshire,946,OTHER MISCELLANEOUS CRIME,2010-05-22T00:00:00.000,2010-05-25T00:00:00.000,100710339,1100    CRENSHAW                     BL,"{'type': 'Point', 'coordinates': [-118.3238, 34.0531]}",1501,501,SINGLE FAMILY DWELLING,0759,AA,Adult Arrest,1500,45,H,M,,,34.0531,-118.3238,90005,2010
81,07,Wilshire,626,INTIMATE PARTNER - SIMPLE ASSAULT,2010-06-01T00:00:00.000,2010-06-01T00:00:00.000,100710633,2000 S  BURNSIDE                     AV,"{'type': 'Point', 'coordinates': [-118.3576, 34.0405]}",0400 1241 1414 1821 2000,501,SINGLE FAMILY DWELLING,0783,AA,Adult Arrest,1700,33,H,M,"STRONG-ARM (HANDS, FIST, FEET OR BODILY FORCE)",400,34.0405,-118.3576,90016,2010
82,07,Wilshire,626,INTIMATE PARTNER - SIMPLE ASSAULT,2010-06-02T00:00:00.000,2010-06-03T00:00:00.000,100710705,PICKFORD,"{'type': 'Point', 'coordinates': [-118.3761, 34.0491]}",0302 0421 0432 1402 1813 2000,222,LAUNDROMAT,0762,AA,Adult Arrest,2000,46,B,F,SEMI-AUTOMATIC PISTOL,109,34.0491,-118.3761,90035,2010
83,07,Wilshire,626,INTIMATE PARTNER - SIMPLE ASSAULT,2010-06-04T00:00:00.000,2010-06-04T00:00:00.000,100710732,600    MASSELIN                     AV,"{'type': 'Point', 'coordinates': [-118.3525, 34.0649]}",0416 1414,502,"MULTI-UNIT DWELLING (APARTMENT, DUPLEX, ETC)",0733,AA,Adult Arrest,0015,35,B,M,ROCK/THROWN OBJECT,306,34.0649,-118.3525,90036,2010
84,07,Wilshire,230,"ASSAULT WITH DEADLY WEAPON, AGGRAVATED ASSAULT",2010-06-04T00:00:00.000,2010-06-04T00:00:00.000,100710762,5300    SAN VICENTE                  BL,"{'type': 'Point', 'coordinates': [-118.3499, 34.0522]}",1402 1501,502,"MULTI-UNIT DWELLING (APARTMENT, DUPLEX, ETC)",0745,AA,Adult Arrest,1630,26,W,M,SHOTGUN,104,34.0522,-118.3499,90019,2010
85,07,Wilshire,230,"ASSAULT WITH DEADLY WEAPON, AGGRAVATED ASSAULT",2010-06-06T00:00:00.000,2010-06-06T00:00:00.000,100710815,CRENSHAW                     BL,"{'type': 'Point', 'coordinates': [-118.3284, 34.0478]}",0416 1300 1310,101,STREET,0767,AA,Adult Arrest,0430,21,B,M,VEHICLE,307,34.0478,-118.3284,90019,2010
86,07,Wilshire,230,"ASSAULT WITH DEADLY WEAPON, AGGRAVATED ASSAULT",2010-06-06T00:00:00.000,2010-06-06T00:00:00.000,100710816,CRENSHAW                     BL,"{'type': 'Point', 'coordinates': [-118.3284, 34.0478]}",0416 1300 1310,101,STREET,0767,AA,Adult Arrest,0430,21,B,M,VEHICLE,307,34.0478,-118.3284,90019,2010
87,07,Wilshire,626,INTIMATE PARTNER - SIMPLE ASSAULT,2010-06-06T00:00:00.000,2010-06-06T00:00:00.000,100710819,1700 S  LA BREA                      AV,"{'type': 'Point', 'coordinates': [-118.346, 34.0442]}",0400,104,DRIVEWAY,0774,AA,Adult Arrest,1345,47,H,F,,,34.0442,-118.346,90019,2010
88,07,Wilshire,626,INTIMATE PARTNER - SIMPLE ASSAULT,2010-06-13T00:00:00.000,2010-06-13T00:00:00.000,100711105,800 S  LA BREA                      AV,"{'type': 'Point', 'coordinates': [-118.3447, 34.0605]}",2000,501,SINGLE FAMILY DWELLING,0745,AA,Adult Arrest,0200,32,H,F,"STRONG-ARM (HANDS, FIST, FEET OR BODILY FORCE)",400,34.0605,-118.3447,90036,2010
89,07,Wilshire,930,CRIMINAL THREATS - NO WEAPON DISPLAYED,2010-07-15T00:00:00.000,2010-07-15T00:00:00.000,100712517,5800    ERNEST                       AV,"{'type': 'Point', 'coordinates': [-118.3727, 34.0345]}",0421,101,STREET,0782,AA,Adult Arrest,1730,46,B,F,VERBAL THREAT,511,34.0345,-118.3727,90016,2010
90,07,Wilshire,626,INTIMATE PARTNER - SIMPLE ASSAULT,2010-06-16T00:00:00.000,2010-06-16T00:00:00.000,100711284,1200    MUIRFIELD                    RD,"{'type': 'Point', 'coordinates': [-118.3334, 34.0522]}",0400 2000,501,SINGLE FAMILY DWELLING,0758,AA,Adult Arrest,1100,35,H,M,"STRONG-ARM (HANDS, FIST, FEET OR BODILY FORCE)",400,34.0522,-118.3334,90019,2010
91,07,Wilshire,626,INTIMATE PARTNER - SIMPLE ASSAULT,2010-06-18T00:00:00.000,2010-06-19T00:00:00.000,100711402,1800 S  LA BREA                      AV,"{'type': 'Point', 'coordinates': [-118.3467, 34.0424]}",0416 2000,501,SINGLE FAMILY DWELLING,0774,AA,Adult Arrest,1720,30,B,M,"STRONG-ARM (HANDS, FIST, FEET OR BODILY FORCE)",400,34.0424,-118.3467,90019,2010
92,07,Wilshire,626,INTIMATE PARTNER - SIMPLE ASSAULT,2010-06-22T00:00:00.000,2010-06-22T00:00:00.000,100711513,1500    HAUSER                       BL,"{'type': 'Point', 'coordinates': [-118.3574, 34.0472]}",0400 0411 2000,501,SINGLE FAMILY DWELLING,0764,AA,Adult Arrest,0320,31,B,F,KNIFE WITH BLADE 6INCHES OR LESS,200,34.0472,-118.3574,90019,2010
93,07,Wilshire,930,CRIMINAL THREATS - NO WEAPON DISPLAYED,2010-06-22T00:00:00.000,2010-06-22T00:00:00.000,100711528,100 S  CRESCENT HEIGHTS             BL,"{'type': 'Point', 'coordinates': [-118.3658, 34.0743]}",0302 0421 1402 1414,501,SINGLE FAMILY DWELLING,0723,AO,Adult Other,0525,29,H,M,HAND GUN,102,34.0743,-118.3658,90048,2010
94,07,Wilshire,930,CRIMINAL THREATS - NO WEAPON DISPLAYED,2010-06-22T00:00:00.000,2010-06-22T00:00:00.000,100711529,100 S  CRESCENT HEIGHTS             BL,"{'type': 'Point', 'coordinates': [-118.3658, 34.0743]}",0302 0421 1402 1414,501,SINGLE FAMILY DWELLING,0723,AO,Adult Other,0525,24,H,M,HAND GUN,102,34.0743,-118.3658,90048,2010
95,07,Wilshire,626,INTIMATE PARTNER - SIMPLE ASSAULT,2010-06-22T00:00:00.000,2010-06-23T00:00:00.000,100711544,100 S  WETHERLY                     DR,"{'type': 'Point', 'coordinates': [-118.3887, 34.0753]}",0400 0401 0416 1243,502,"MULTI-UNIT DWELLING (APARTMENT, DUPLEX, ETC)",0721,AA,Adult Arrest,1600,27,W,M,"STRONG-ARM (HANDS, FIST, FEET OR BODILY FORCE)",400,34.0753,-118.3887,90048,2010
96,07,Wilshire,626,INTIMATE PARTNER - SIMPLE ASSAULT,2010-06-24T00:00:00.000,2010-06-25T00:00:00.000,100711667,4800 W  17TH                         ST,"{'type': 'Point', 'coordinates': [-118.3411, 34.0449]}",2000,501,SINGLE FAMILY DWELLING,0775,AA,Adult Arrest,2330,31,B,M,"STRONG-ARM (HANDS, FIST, FEET OR BODILY FORCE)",400,34.0449,-118.3411,90019,2010
97,07,Wilshire,230,"ASSAULT WITH DEADLY WEAPON, AGGRAVATED ASSAULT",2010-06-25T00:00:00.000,2010-06-25T00:00:00.000,100711687,PICO,"{'type': 'Point', 'coordinates': [-118.3338, 34.0485]}",0416 0411,102,SIDEWALK,0758,AO,Adult Other,1600,60,B,M,BOTTLE,212,34.0485,-118.3338,90019,2010
98,07,Wilshire,230,"ASSAULT WITH DEADLY WEAPON, AGGRAVATED ASSAULT",2010-06-26T00:00:00.000,2010-06-26T00:00:00.000,100711698,CROFT,"{'type': 'Point', 'coordinates': [-118.3742, 34.0854]}",0400 0416 1402,101,STREET,0701,AA,Adult Arrest,0130,17,H,M,UNKNOWN WEAPON/OTHER WEAPON,500,34.0854,-118.3742,90069,2010
99,07,Wilshire,745,VANDALISM - MISDEAMEANOR ($399 OR UNDER),2010-06-25T00:00:00.000,2010-06-25T00:00:00.000,100711703,4800    SATURN                       ST,"{'type': 'Point', 'coordinates': [-118.3415, 34.044]}",0329,108,PARKING LOT,0775,AA,Adult Arrest,0900,21,B,M,,,34.044,-118.3415,90019,2010
100,07,Wilshire,230,"ASSAULT WITH DEADLY WEAPON, AGGRAVATED ASSAULT",2010-06-26T00:00:00.000,2010-06-26T00:00:00.000,100711726,4800    SATURN                       ST,"{'type': 'Point', 'coordinates': [-118.3415, 34.044]}",0400 1501,502,"MULTI-UNIT DWELLING (APARTMENT, DUPLEX, ETC)",0775,AA,Adult Arrest,1150,21,B,M,UNKNOWN WEAPON/OTHER WEAPON,500,34.044,-118.3415,90019,2010
101,07,Wilshire,230,"ASSAULT WITH DEADLY WEAPON, AGGRAVATED ASSAULT",2010-06-29T00:00:00.000,2010-06-29T00:00:00.000,100711852,2200    PALM GROVE                   AV,"{'type': 'Point', 'coordinates': [-118.3431, 34.036]}",0400 0416 1402 1414,104,DRIVEWAY,0785,AA,Adult Arrest,0740,52,W,M,UNKNOWN WEAPON/OTHER WEAPON,500,34.036,-118.3431,90019,2010
102,07,Wilshire,236,INTIMATE PARTNER - AGGRAVATED ASSAULT,2010-06-29T00:00:00.000,2010-06-29T00:00:00.000,100711881,1200    WESTCHESTER                  PL,"{'type': 'Point', 'coordinates': [-118.3179, 34.0495]}",0408 0401 2000,502,"MULTI-UNIT DWELLING (APARTMENT, DUPLEX, ETC)",0758,AA,Adult Arrest,2050,19,B,F,"STRONG-ARM (HANDS, FIST, FEET OR BODILY FORCE)",400,34.0495,-118.3179,90005,2010
103,07,Wilshire,626,INTIMATE PARTNER - SIMPLE ASSAULT,2010-06-30T00:00:00.000,2010-06-30T00:00:00.000,100711886,2200    ALSACE                       AV,"{'type': 'Point', 'coordinates': [-118.3532, 34.0377]}",0400 0416 1414 2000,501,SINGLE FAMILY DWELLING,0784,AA,Adult Arrest,0830,33,H,F,,,34.0377,-118.3532,90016,2010
104,07,Wilshire,626,INTIMATE PARTNER - SIMPLE ASSAULT,2010-07-05T00:00:00.000,2010-07-05T00:00:00.000,100712119,2000 S  HARCOURT                     AV,"{'type': 'Point', 'coordinates': [-118.343, 34.0384]}",0408 0400 1414 2000,502,"MULTI-UNIT DWELLING (APARTMENT, DUPLEX, ETC)",0785,AA,Adult Arrest,1530,18,H,F,"STRONG-ARM (HANDS, FIST, FEET OR BODILY FORCE)",400,34.0384,-118.343,90019,2010
105,07,Wilshire,230,"ASSAULT WITH DEADLY WEAPON, AGGRAVATED ASSAULT",2010-07-13T00:00:00.000,2010-07-13T00:00:00.000,100712428,5800    ERNEST                       AV,"{'type': 'Point', 'coordinates': [-118.3727, 34.0345]}",1300,101,STREET,0782,AA,Adult Arrest,1700,24,B,M,HECKLER & KOCH 93 SEMIAUTOMATIC ASSAULT RIFLE,122,34.0345,-118.3727,90016,2010
106,07,Wilshire,230,"ASSAULT WITH DEADLY WEAPON, AGGRAVATED ASSAULT",2010-07-14T00:00:00.000,2010-07-14T00:00:00.000,100712437,4800 W  VENICE                       BL,"{'type': 'Point', 'coordinates': [-118.3414, 34.0466]}",0400 1300 1309,101,STREET,0765,AA,Adult Arrest,0020,22,H,F,VEHICLE,307,34.0466,-118.3414,90019,2010
107,07,Wilshire,230,"ASSAULT WITH DEADLY WEAPON, AGGRAVATED ASSAULT",2010-07-14T00:00:00.000,2010-07-14T00:00:00.000,100712438,4800 W  VENICE                       BL,"{'type': 'Point', 'coordinates': [-118.3414, 34.0466]}",0400 1300 1309,101,STREET,0765,AA,Adult Arrest,0020,14,H,M,VEHICLE,307,34.0466,-118.3414,90019,2010
108,07,Wilshire,230,"ASSAULT WITH DEADLY WEAPON, AGGRAVATED ASSAULT",2010-07-14T00:00:00.000,2010-07-14T00:00:00.000,100712439,4800 W  VENICE                       BL,"{'type': 'Point', 'coordinates': [-118.3414, 34.0466]}",0400 1300 1309,101,STREET,0765,AA,Adult Arrest,0020,25,H,M,VEHICLE,307,34.0466,-118.3414,90019,2010
109,07,Wilshire,930,CRIMINAL THREATS - NO WEAPON DISPLAYED,2010-07-15T00:00:00.000,2010-07-15T00:00:00.000,100712508,2100 S  REDONDO                      BL,"{'type': 'Point', 'coordinates': [-118.3536, 34.0393]}",0421 0602,501,SINGLE FAMILY DWELLING,0783,AA,Adult Arrest,1515,88,B,F,VERBAL THREAT,511,34.0393,-118.3536,90016,2010
110,07,Wilshire,901,VIOLATION OF RESTRAINING ORDER,2010-07-14T00:00:00.000,2010-07-14T00:00:00.000,100712509,5800    ERNEST                       AV,"{'type': 'Point', 'coordinates': [-118.3727, 34.0345]}",1501,121,YARD (RESIDENTIAL/BUSINESS),0782,AA,Adult Arrest,2345,28,B,F,,,34.0345,-118.3727,90016,2010
111,07,Wilshire,888,TRESPASSING,2010-07-14T00:00:00.000,2010-07-15T00:00:00.000,100712512,5800    ERNEST                       AV,"{'type': 'Point', 'coordinates': [-118.3727, 34.0345]}",1501,501,SINGLE FAMILY DWELLING,0782,AA,Adult Arrest,2315,51,B,F,,,34.0345,-118.3727,90016,2010
112,01,Central,343,SHOPLIFTING-GRAND THEFT ($950.01 & OVER),2010-02-22T00:00:00.000,2010-02-22T00:00:00.000,100106758,700 W  7TH                          ST,"{'type': 'Point', 'coordinates': [-118.2577, 34.048]}",0344 0601,404,DEPARTMENT STORE,0162,AA,Adult Arrest,1310,23,B,M,,,34.048,-118.2577,90017,2010
113,07,Wilshire,930,CRIMINAL THREATS - NO WEAPON DISPLAYED,2010-07-15T00:00:00.000,2010-07-15T00:00:00.000,100712518,5800    ERNEST                       AV,"{'type': 'Point', 'coordinates': [-118.3727, 34.0345]}",0421,101,STREET,0782,AA,Adult Arrest,1730,45,B,F,VERBAL THREAT,511,34.0345,-118.3727,90016,2010
114,07,Wilshire,624,BATTERY - SIMPLE ASSAULT,2010-07-18T00:00:00.000,2010-07-18T00:00:00.000,100712616,1900 S  CLAUDINA                     AV,"{'type': 'Point', 'coordinates': [-118.3404, 34.0399]}",0400 2000,501,SINGLE FAMILY DWELLING,0785,AA,Adult Arrest,1310,27,H,F,"STRONG-ARM (HANDS, FIST, FEET OR BODILY FORCE)",400,34.0399,-118.3404,90019,2010
115,07,Wilshire,930,CRIMINAL THREATS - NO WEAPON DISPLAYED,2010-07-18T00:00:00.000,2010-07-18T00:00:00.000,100712630,800 N  ORLANDO                      AV,"{'type': 'Point', 'coordinates': [-118.3732, 34.0854]}",0421,501,SINGLE FAMILY DWELLING,0701,AO,Adult Other,0750,26,B,M,VERBAL THREAT,511,34.0854,-118.3732,90069,2010
116,07,Wilshire,626,INTIMATE PARTNER - SIMPLE ASSAULT,2010-07-20T00:00:00.000,2010-07-20T00:00:00.000,100712722,1700 S  SPAULDING                    AV,"{'type': 'Point', 'coordinates': [-118.3641, 34.0449]}",2000,502,"MULTI-UNIT DWELLING (APARTMENT, DUPLEX, ETC)",0763,AA,Adult Arrest,1630,23,H,F,"STRONG-ARM (HANDS, FIST, FEET OR BODILY FORCE)",400,34.0449,-118.3641,90016,2010
117,07,Wilshire,236,INTIMATE PARTNER - AGGRAVATED ASSAULT,2010-07-20T00:00:00.000,2010-07-20T00:00:00.000,100712740,1300    4TH                          AV,"{'type': 'Point', 'coordinates': [-118.3213, 34.0473]}",0408 0416 2000,502,"MULTI-UNIT DWELLING (APARTMENT, DUPLEX, ETC)",0769,AA,Adult Arrest,2320,51,A,F,"STRONG-ARM (HANDS, FIST, FEET OR BODILY FORCE)",400,34.0473,-118.3213,90019,2010
118,07,Wilshire,236,INTIMATE PARTNER - AGGRAVATED ASSAULT,2010-07-24T00:00:00.000,2010-07-24T00:00:00.000,100712918,8300    BLACKBURN                    AV,"{'type': 'Point', 'coordinates': [-118.3702, 34.0718]}",0416 2000,502,"MULTI-UNIT DWELLING (APARTMENT, DUPLEX, ETC)",0722,AA,Adult Arrest,2030,31,B,M,"STRONG-ARM (HANDS, FIST, FEET OR BODILY FORCE)",400,34.0718,-118.3702,90048,2010
119,07,Wilshire,236,INTIMATE PARTNER - AGGRAVATED ASSAULT,2010-07-20T00:00:00.000,2010-07-27T00:00:00.000,100713013,1800    VINEYARD                     AV,"{'type': 'Point', 'coordinates': [-118.3392, 34.0414]}",0416 2000,502,"MULTI-UNIT DWELLING (APARTMENT, DUPLEX, ETC)",0776,AA,Adult Arrest,2330,30,H,F,"STRONG-ARM (HANDS, FIST, FEET OR BODILY FORCE)",400,34.0414,-118.3392,90019,2010
120,07,Wilshire,230,"ASSAULT WITH DEADLY WEAPON, AGGRAVATED ASSAULT",2010-07-27T00:00:00.000,2010-07-27T00:00:00.000,100713029,HIGHLAND,"{'type': 'Point', 'coordinates': [-118.3449, 34.0439]}",0416,101,STREET,0775,AA,Adult Arrest,1330,45,B,M,"STRONG-ARM (HANDS, FIST, FEET OR BODILY FORCE)",400,34.0439,-118.3449,90019,2010
121,07,Wilshire,626,INTIMATE PARTNER - SIMPLE ASSAULT,2010-07-27T00:00:00.000,2010-07-28T00:00:00.000,100713049,1100    5TH                          AV,"{'type': 'Point', 'coordinates': [-118.3206, 34.0514]}",0400 0416 1243 1814 2000,502,"MULTI-UNIT DWELLING (APARTMENT, DUPLEX, ETC)",0759,AA,Adult Arrest,2215,27,B,F,"STRONG-ARM (HANDS, FIST, FEET OR BODILY FORCE)",400,34.0514,-118.3206,90005,2010
122,07,Wilshire,930,CRIMINAL THREATS - NO WEAPON DISPLAYED,2010-07-28T00:00:00.000,2010-07-28T00:00:00.000,100713051,6000    COMEY                        AV,"{'type': 'Point', 'coordinates': [-118.3747, 34.0339]}",0421,501,SINGLE FAMILY DWELLING,0782,AA,Adult Arrest,0150,38,H,F,VERBAL THREAT,511,34.0339,-118.3747,90016,2010
123,07,Wilshire,626,INTIMATE PARTNER - SIMPLE ASSAULT,2010-07-28T00:00:00.000,2010-07-28T00:00:00.000,100713110,1400    MEADOWBROOK                  AV,"{'type': 'Point', 'coordinates': [-118.3504, 34.0481]}",0416 2000 1402 0907,501,SINGLE FAMILY DWELLING,0764,AA,Adult Arrest,1900,18,H,F,,,34.0481,-118.3504,90019,2010
124,07,Wilshire,930,CRIMINAL THREATS - NO WEAPON DISPLAYED,2010-08-12T00:00:00.000,2010-08-12T00:00:00.000,100713778,4500 W  17TH                         ST,"{'type': 'Point', 'coordinates': [-118.3358, 34.0434]}",0421,501,SINGLE FAMILY DWELLING,0776,AA,Adult Arrest,1925,29,H,F,VERBAL THREAT,511,34.0434,-118.3358,90019,2010
125,07,Wilshire,626,INTIMATE PARTNER - SIMPLE ASSAULT,2010-08-13T00:00:00.000,2010-08-13T00:00:00.000,100713794,1000 S  CLOVERDALE                   AV,"{'type': 'Point', 'coordinates': [-118.348, 34.0573]}",0419 0429 1243 1414 2000,104,DRIVEWAY,0745,AA,Adult Arrest,1320,31,B,F,"STRONG-ARM (HANDS, FIST, FEET OR BODILY FORCE)",400,34.0573,-118.348,90019,2010
126,07,Wilshire,230,"ASSAULT WITH DEADLY WEAPON, AGGRAVATED ASSAULT",2010-07-24T00:00:00.000,2010-07-24T00:00:00.000,100713943,FORMOSA,"{'type': 'Point', 'coordinates': [-118.3462, 34.0853]}",0416 1300,101,STREET,0705,AA,Adult Arrest,0200,21,H,M,VEHICLE,307,34.0853,-118.3462,90038,2010
127,07,Wilshire,230,"ASSAULT WITH DEADLY WEAPON, AGGRAVATED ASSAULT",2010-08-19T00:00:00.000,2010-08-19T00:00:00.000,100714025,6200 W  3RD                          ST,"{'type': 'Point', 'coordinates': [-118.3563, 34.0708]}",0400 0432,502,"MULTI-UNIT DWELLING (APARTMENT, DUPLEX, ETC)",0734,AO,Adult Other,0220,25,W,F,OTHER KNIFE,207,34.0708,-118.3563,90036,2010
128,07,Wilshire,230,"ASSAULT WITH DEADLY WEAPON, AGGRAVATED ASSAULT",2010-08-23T00:00:00.000,2010-08-27T00:00:00.000,100714349,1100    LUCERNE                      BL,"{'type': 'Point', 'coordinates': [-118.3288, 34.0537]}",0400 1202,501,SINGLE FAMILY DWELLING,0758,AA,Adult Arrest,1800,80,H,M,"STRONG-ARM (HANDS, FIST, FEET OR BODILY FORCE)",400,34.0537,-118.3288,90019,2010
129,07,Wilshire,230,"ASSAULT WITH DEADLY WEAPON, AGGRAVATED ASSAULT",2010-09-01T00:00:00.000,2010-09-01T00:00:00.000,100714589,4800 W  18TH                         ST,"{'type': 'Point', 'coordinates': [-118.3424, 34.0423]}",0400 1402,501,SINGLE FAMILY DWELLING,0775,AA,Adult Arrest,1930,50,H,M,"STRONG-ARM (HANDS, FIST, FEET OR BODILY FORCE)",400,34.0423,-118.3424,90019,2010
130,07,Wilshire,930,CRIMINAL THREATS - NO WEAPON DISPLAYED,2010-09-06T00:00:00.000,2010-09-06T00:00:00.000,100714774,4800    SAINT ELMO                   DR,"{'type': 'Point', 'coordinates': [-118.3418, 34.0431]}",0421 2000,502,"MULTI-UNIT DWELLING (APARTMENT, DUPLEX, ETC)",0775,AA,Adult Arrest,1830,36,H,F,VERBAL THREAT,511,34.0431,-118.3418,90019,2010
131,07,Wilshire,930,CRIMINAL THREATS - NO WEAPON DISPLAYED,2010-09-07T00:00:00.000,2010-09-07T00:00:00.000,100714822,OGDEN                        DR,"{'type': 'Point', 'coordinates': [-118.359, 34.0693]}",0421,108,PARKING LOT,0734,AO,Adult Other,1740,24,O,M,VERBAL THREAT,511,34.0693,-118.359,90036,2010
132,07,Wilshire,230,"ASSAULT WITH DEADLY WEAPON, AGGRAVATED ASSAULT",2010-09-12T00:00:00.000,2010-09-12T00:00:00.000,100715041,LA BREA,"{'type': 'Point', 'coordinates': [-118.3447, 34.0479]}",0400 0416 1300,101,STREET,0765,AA,Adult Arrest,0400,20,B,F,"STRONG-ARM (HANDS, FIST, FEET OR BODILY FORCE)",400,34.0479,-118.3447,90019,2010
133,07,Wilshire,624,BATTERY - SIMPLE ASSAULT,2010-09-12T00:00:00.000,2010-09-13T00:00:00.000,100715060,5000    PICKFORD                     ST,"{'type': 'Point', 'coordinates': [-118.3478, 34.0427]}",0360 0400 0416 1402,502,"MULTI-UNIT DWELLING (APARTMENT, DUPLEX, ETC)",0774,AA,Adult Arrest,2050,69,B,M,CLUB/BAT,304,34.0427,-118.3478,90019,2010
134,07,Wilshire,930,CRIMINAL THREATS - NO WEAPON DISPLAYED,2010-09-13T00:00:00.000,2010-09-13T00:00:00.000,100715073,1600    CRENSHAW                     BL,"{'type': 'Point', 'coordinates': [-118.3284, 34.0447]}",0421,502,"MULTI-UNIT DWELLING (APARTMENT, DUPLEX, ETC)",0777,AA,Adult Arrest,1200,43,B,M,VERBAL THREAT,511,34.0447,-118.3284,90019,2010
135,07,Wilshire,626,INTIMATE PARTNER - SIMPLE ASSAULT,2010-09-14T00:00:00.000,2010-09-14T00:00:00.000,100715114,1600    LA BREA                      AV,"{'type': 'Point', 'coordinates': [-118.3454, 34.0459]}",0400 0416 2000,501,SINGLE FAMILY DWELLING,0774,AA,Adult Arrest,0315,30,B,F,UNKNOWN WEAPON/OTHER WEAPON,500,34.0459,-118.3454,90019,2010
136,07,Wilshire,626,INTIMATE PARTNER - SIMPLE ASSAULT,2010-09-16T00:00:00.000,2010-09-16T00:00:00.000,100715272,1300    CRENSHAW                     BL,"{'type': 'Point', 'coordinates': [-118.3267, 34.0478]}",0400 2000,501,SINGLE FAMILY DWELLING,0766,AA,Adult Arrest,1540,18,B,F,"STRONG-ARM (HANDS, FIST, FEET OR BODILY FORCE)",400,34.0478,-118.3267,90019,2010
137,07,Wilshire,624,BATTERY - SIMPLE ASSAULT,2010-09-17T00:00:00.000,2010-09-17T00:00:00.000,100715325,500 S  CURSON                       AV,"{'type': 'Point', 'coordinates': [-118.3552, 34.0657]}",0400 2000,502,"MULTI-UNIT DWELLING (APARTMENT, DUPLEX, ETC)",0734,AA,Adult Arrest,1345,32,W,F,"STRONG-ARM (HANDS, FIST, FEET OR BODILY FORCE)",400,34.0657,-118.3552,90036,2010
138,07,Wilshire,626,INTIMATE PARTNER - SIMPLE ASSAULT,2010-09-20T00:00:00.000,2010-09-20T00:00:00.000,100715446,4600    LOMITA                       ST,"{'type': 'Point', 'coordinates': [-118.3374, 34.0459]}",0400 0416 1243 1414 2000,502,"MULTI-UNIT DWELLING (APARTMENT, DUPLEX, ETC)",0776,AO,Adult Other,1235,44,W,F,"STRONG-ARM (HANDS, FIST, FEET OR BODILY FORCE)",400,34.0459,-118.3374,90019,2010
139,07,Wilshire,626,INTIMATE PARTNER - SIMPLE ASSAULT,2010-09-27T00:00:00.000,2010-09-28T00:00:00.000,100715734,5200 W  20TH                         ST,"{'type': 'Point', 'coordinates': [-118.3544, 34.0404]}",0400 1243 1814 2000,501,SINGLE FAMILY DWELLING,0783,AA,Adult Arrest,2320,40,W,F,"STRONG-ARM (HANDS, FIST, FEET OR BODILY FORCE)",400,34.0404,-118.3544,90016,2010
140,07,Wilshire,626,INTIMATE PARTNER - SIMPLE ASSAULT,2010-09-29T00:00:00.000,2010-09-29T00:00:00.000,100715792,1200    NORTON                       AV,"{'type': 'Point', 'coordinates': [-118.3229, 34.0496]}",0400 0408 2000,501,SINGLE FAMILY DWELLING,0759,AA,Adult Arrest,0445,34,H,F,"STRONG-ARM (HANDS, FIST, FEET OR BODILY FORCE)",400,34.0496,-118.3229,90019,2010
141,07,Wilshire,930,CRIMINAL THREATS - NO WEAPON DISPLAYED,2010-10-10T00:00:00.000,2010-10-10T00:00:00.000,100716320,1500 S  CLOVERDALE                   AV,"{'type': 'Point', 'coordinates': [-118.3522, 34.0465]}",0400 0408 0416 0421 0422 1241 2000,502,"MULTI-UNIT DWELLING (APARTMENT, DUPLEX, ETC)",0764,AA,Adult Arrest,0810,28,B,F,"STRONG-ARM (HANDS, FIST, FEET OR BODILY FORCE)",400,34.0465,-118.3522,90019,2010
142,07,Wilshire,230,"ASSAULT WITH DEADLY WEAPON, AGGRAVATED ASSAULT",2010-10-11T00:00:00.000,2010-10-12T00:00:00.000,100716383,PICKFORD,"{'type': 'Point', 'coordinates': [-118.3499, 34.0433]}",0334 1402,501,SINGLE FAMILY DWELLING,0774,AO,Adult Other,2055,81,B,F,OTHER KNIFE,207,34.0433,-118.3499,90019,2010
143,07,Wilshire,626,INTIMATE PARTNER - SIMPLE ASSAULT,2010-10-18T00:00:00.000,2010-10-18T00:00:00.000,100716662,6600    ORANGE                       ST,"{'type': 'Point', 'coordinates': [-118.3712, 34.0652]}",0400 2000,501,SINGLE FAMILY DWELLING,0722,AA,Adult Arrest,1240,29,W,F,"STRONG-ARM (HANDS, FIST, FEET OR BODILY FORCE)",400,34.0652,-118.3712,90211,2010
144,07,Wilshire,946,OTHER MISCELLANEOUS CRIME,2010-10-19T00:00:00.000,2010-10-19T00:00:00.000,100716698,400    HOLT                         AV,"{'type': 'Point', 'coordinates': [-118.3785, 34.0722]}",0421,501,SINGLE FAMILY DWELLING,0721,AA,Adult Arrest,0300,26,O,F,VERBAL THREAT,511,34.0722,-118.3785,90048,2010
145,07,Wilshire,946,OTHER MISCELLANEOUS CRIME,2010-10-19T00:00:00.000,2010-10-19T00:00:00.000,100716699,400    HOLT                         AV,"{'type': 'Point', 'coordinates': [-118.3785, 34.0722]}",0421,501,SINGLE FAMILY DWELLING,0721,AA,Adult Arrest,0300,51,O,F,VERBAL THREAT,511,34.0722,-118.3785,90048,2010
146,07,Wilshire,624,BATTERY - SIMPLE ASSAULT,2010-11-01T00:00:00.000,2010-11-02T00:00:00.000,100717366,FAIRFAX,"{'type': 'Point', 'coordinates': [-118.3614, 34.0838]}",0416 0419 0432,101,STREET,0702,JA,Juv Arrest,1530,14,H,F,"STRONG-ARM (HANDS, FIST, FEET OR BODILY FORCE)",400,34.0838,-118.3614,90069,2010
147,07,Wilshire,624,BATTERY - SIMPLE ASSAULT,2010-11-17T00:00:00.000,2010-11-18T00:00:00.000,100718061,5000 W  WASHINGTON                   BL,"{'type': 'Point', 'coordinates': [-118.3486, 34.0406]}",0400 0416 1243 1414 2000,502,"MULTI-UNIT DWELLING (APARTMENT, DUPLEX, ETC)",0784,AA,Adult Arrest,2330,63,W,F,"STRONG-ARM (HANDS, FIST, FEET OR BODILY FORCE)",400,34.0406,-118.3486,90019,2010
148,07,Wilshire,626,INTIMATE PARTNER - SIMPLE ASSAULT,2010-11-22T00:00:00.000,2010-11-22T00:00:00.000,100718239,400 S  BURNSIDE                     AV,"{'type': 'Point', 'coordinates': [-118.3518, 34.0672]}",2000,501,SINGLE FAMILY DWELLING,0734,AA,Adult Arrest,2105,29,O,F,"STRONG-ARM (HANDS, FIST, FEET OR BODILY FORCE)",400,34.0672,-118.3518,90036,2010
149,07,Wilshire,930,CRIMINAL THREATS - NO WEAPON DISPLAYED,2010-11-24T00:00:00.000,2010-11-25T00:00:00.000,100718295,1500 S  COCHRAN                      AV,"{'type': 'Point', 'coordinates': [-118.3535, 34.0463]}",0319 0421 1814,502,"MULTI-UNIT DWELLING (APARTMENT, DUPLEX, ETC)",0764,AA,Adult Arrest,1310,45,B,F,VERBAL THREAT,511,34.0463,-118.3535,90019,2010
150,07,Wilshire,236,INTIMATE PARTNER - AGGRAVATED ASSAULT,2010-12-04T00:00:00.000,2010-12-04T00:00:00.000,100718658,CRENSHAW,"{'type': 'Point', 'coordinates': [-118.3328, 34.0399]}",0416 2000,122,"VEHICLE, PASSENGER/TRUCK",0788,AA,Adult Arrest,0125,38,H,F,"STRONG-ARM (HANDS, FIST, FEET OR BODILY FORCE)",400,34.0399,-118.3328,90019,2010
151,07,Wilshire,230,"ASSAULT WITH DEADLY WEAPON, AGGRAVATED ASSAULT",2010-12-05T00:00:00.000,2010-12-05T00:00:00.000,100718707,600 N  LA CIENEGA                   BL,"{'type': 'Point', 'coordinates': [-118.3764, 34.0889]}",0400 0416 0417,207,BAR/COCKTAIL/NIGHTCLUB,0701,AO,Adult Other,0100,30,H,M,"STRONG-ARM (HANDS, FIST, FEET OR BODILY FORCE)",400,34.0889,-118.3764,90069,2010
152,07,Wilshire,230,"ASSAULT WITH DEADLY WEAPON, AGGRAVATED ASSAULT",2010-12-04T00:00:00.000,2010-12-04T00:00:00.000,100718708,4TH                          ST,"{'type': 'Point', 'coordinates': [-118.3429, 34.0669]}",0400 0416 1310 1309 1414 2000,101,STREET,0737,AA,Adult Arrest,2325,19,H,M,VEHICLE,307,34.0669,-118.3429,90036,2010
153,07,Wilshire,626,INTIMATE PARTNER - SIMPLE ASSAULT,2010-12-16T00:00:00.000,2010-12-17T00:00:00.000,100719252,1100    NORTON                       AV,"{'type': 'Point', 'coordinates': [-118.3219, 34.0516]}",0408 0416 0417 1243 1814 2000,502,"MULTI-UNIT DWELLING (APARTMENT, DUPLEX, ETC)",0759,AA,Adult Arrest,2100,22,H,F,"STRONG-ARM (HANDS, FIST, FEET OR BODILY FORCE)",400,34.0516,-118.3219,90005,2010
154,07,Wilshire,230,"ASSAULT WITH DEADLY WEAPON, AGGRAVATED ASSAULT",2010-12-26T00:00:00.000,2010-12-28T00:00:00.000,100719684,2600    CULLEN                       ST,"{'type': 'Point', 'coordinates': [-118.377, 34.0342]}",0400 0408 0416 0444 1414,502,"MULTI-UNIT DWELLING (APARTMENT, DUPLEX, ETC)",0782,AA,Adult Arrest,1830,27,H,F,"STRONG-ARM (HANDS, FIST, FEET OR BODILY FORCE)",400,34.0342,-118.377,90016,2010
155,08,West LA,930,CRIMINAL THREATS - NO WEAPON DISPLAYED,2010-03-28T00:00:00.000,2010-04-03T00:00:00.000,100807928,8500 W  PICO                         BL,"{'type': 'Point', 'coordinates': [-118.3762, 34.0534]}",1501 1802,210,RESTAURANT/FAST FOOD,0849,AO,Adult Other,2200,57,O,M,VERBAL THREAT,511,34.0534,-118.3762,90035,2010
156,16,Foothill,110,CRIMINAL HOMICIDE,2010-05-01T00:00:00.000,2010-05-01T00:00:00.000,101609896,11100    GLENOAKS                     BL,"{'type': 'Point', 'coordinates': [-118.4096, 34.2717]}",0411 1402 1414,707,GARAGE/CARPORT,1613,AA,Adult Arrest,0100,30,H,F,KNIFE WITH BLADE 6INCHES OR LESS,200,34.2717,-118.4096,91331,2010
157,18,Southeast,110,CRIMINAL HOMICIDE,2011-02-09T00:00:00.000,2011-02-10T00:00:00.000,111806268,800 W  88TH                         ST,"{'type': 'Point', 'coordinates': [-118.2877, 33.958]}",0430 0906 1100 1313 1402,101,STREET,1801,AA,Adult Arrest,1535,17,H,M,HAND GUN,102,33.958,-118.2877,90044,2011
158,19,Mission,812,CRM AGNST CHLD (13 OR UNDER) (14-15 & SUSP 10 YRS OLDER),2012-11-16T00:00:00.000,2012-11-19T00:00:00.000,121923098,8000    MAMMOTH                      AV,"{'type': 'Point', 'coordinates': [-118.4322, 34.2165]}",0522 0551 1820 0913 1259,501,SINGLE FAMILY DWELLING,1999,AA,Adult Arrest,2200,15,H,F,"STRONG-ARM (HANDS, FIST, FEET OR BODILY FORCE)",400,34.2165,-118.4322,91402,2012
159,09,Van Nuys,740,"VANDALISM - FELONY ($400 & OVER, ALL CHURCH VANDALISMS)",2013-06-25T00:00:00.000,2013-06-25T00:00:00.000,130912700,SEPULVEDA,"{'type': 'Point', 'coordinates': [-118.4662, 34.1867]}",1300 0329,108,PARKING LOT,0923,AO,Adult Other,1115,49,W,F,,,34.1867,-118.4662,91411,2013
160,08,West LA,354,THEFT OF IDENTITY,2013-07-01T00:00:00.000,2014-02-03T00:00:00.000,140805251,1300    DAVIES                       DR,"{'type': 'Point', 'coordinates': [-118.4359, 34.0958]}",0928,501,SINGLE FAMILY DWELLING,0807,AA,Adult Arrest,0005,66,W,M,,,34.0958,-118.4359,90077,2013
161,09,Van Nuys,510,VEHICLE - STOLEN,2015-06-03T00:00:00.000,2015-06-03T00:00:00.000,150911514,14600    WYANDOTTE                    ST,"{'type': 'Point', 'coordinates': [-118.4514, 34.203]}",,101,STREET,0905,AO,Adult Other,0840,14,,,,,34.203,-118.4514,91405,2015
162,09,Van Nuys,510,VEHICLE - STOLEN,2015-06-07T00:00:00.000,2015-06-07T00:00:00.000,150911732,7100    SEPULVEDA                    BL,"{'type': 'Point', 'coordinates': [-118.4662, 34.1994]}",,108,PARKING LOT,0914,AO,Adult Other,0030,14,,,,,34.1994,-118.4662,91405,2015
163,09,Van Nuys,510,VEHICLE - STOLEN,2015-07-15T00:00:00.000,2015-07-15T00:00:00.000,150913648,15200    VICTORY                      BL,"{'type': 'Point', 'coordinates': [-118.4574, 34.1903]}",,123,PARKING UNDERGROUND/BUILDING,0923,AA,Adult Arrest,2200,14,,,,,34.1903,-118.4574,91411,2015
164,10,West Valley,310,BURGLARY,2015-09-18T00:00:00.000,2015-09-21T00:00:00.000,151000996,5400    SYLVIA                       AV,"{'type': 'Point', 'coordinates': [-118.5523, 34.1691]}",1414 1609 0321 0400 1402,501,SINGLE FAMILY DWELLING,1061,IC,Invest Cont,1950,45,W,M,,,34.1691,-118.5523,91356,2015
165,10,West Valley,310,BURGLARY,2015-03-04T00:00:00.000,2015-03-05T00:00:00.000,151006569,18600    OXNARD                       ST,"{'type': 'Point', 'coordinates': [-118.5386, 34.18]}",9999 0344 1608 1606 1414,406,OTHER STORE,1043,IC,Invest Cont,1800,42,O,M,,,34.18,-118.5386,91335,2015
166,10,West Valley,310,BURGLARY,2015-09-23T00:00:00.000,2015-09-23T00:00:00.000,151015147,17900    BURBANK                      BL,"{'type': 'Point', 'coordinates': [-118.522, 34.1722]}",1606 1609 0344 1402,502,"MULTI-UNIT DWELLING (APARTMENT, DUPLEX, ETC)",1045,IC,Invest Cont,0450,,W,M,,,34.1722,-118.522,91316,2015
167,10,West Valley,310,BURGLARY,2015-10-26T00:00:00.000,2015-10-26T00:00:00.000,151016677,16500    OLDHAM                       ST,"{'type': 'Point', 'coordinates': [-118.493, 34.1433]}",1607 1501 1202 1609 0321,501,SINGLE FAMILY DWELLING,1097,IC,Invest Cont,1030,78,O,M,,,34.1433,-118.493,91436,2015
168,10,West Valley,310,BURGLARY,2015-10-28T00:00:00.000,2015-10-28T00:00:00.000,151016764,7200    RESEDA                       BL,"{'type': 'Point', 'coordinates': [-118.54, 34.2048]}",1402 0344 1414 1275,222,LAUNDROMAT,1012,IC,Invest Cont,1030,,W,M,,,34.2048,-118.54,91335,2015
169,18,Southeast,230,"ASSAULT WITH DEADLY WEAPON, AGGRAVATED ASSAULT",2015-08-26T00:00:00.000,2015-08-26T00:00:00.000,151816192,102ND                        ST,"{'type': 'Point', 'coordinates': [-118.2594, 33.947]}",0302 1100 1310 1240 0430 1407 1300,101,STREET,1824,AA,Adult Arrest,0140,34,B,M,UNKNOWN FIREARM,106,33.947,-118.2594,90002,2015
170,20,Olympic,121,"RAPE, FORCIBLE",2013-08-28T00:00:00.000,2015-10-12T00:00:00.000,152017435,1400 W  WASHINGTON                   BL,"{'type': 'Point', 'coordinates': [-118.2864, 34.0401]}",1206 0342 0913 0527,501,SINGLE FAMILY DWELLING,2099,IC,Invest Cont,0200,29,H,F,"STRONG-ARM (HANDS, FIST, FEET OR BODILY FORCE)",400,34.0401,-118.2864,90006,2013
171,03,Southwest,121,"RAPE, FORCIBLE",2013-08-04T00:00:00.000,2016-08-04T00:00:00.000,160318249,5600    SMILEY                       DR,"{'type': 'Point', 'coordinates': [-118.3658, 34.03]}",1258 0556 0503 0522 0540 0515 0513 0527 0500 1402,501,SINGLE FAMILY DWELLING,0311,IC,Invest Cont,0800,11,H,F,"STRONG-ARM (HANDS, FIST, FEET OR BODILY FORCE)",400,34.03,-118.3658,90016,2013
172,08,West LA,354,THEFT OF IDENTITY,2016-09-13T00:00:00.000,2016-09-19T00:00:00.000,160816044,10600    WILSHIRE                     BL,"{'type': 'Point', 'coordinates': [-118.4372, 34.0649]}",1202 1818 0930,502,"MULTI-UNIT DWELLING (APARTMENT, DUPLEX, ETC)",0828,AA,Adult Arrest,1300,96,W,F,,,34.0649,-118.4372,90024,2016
173,09,Van Nuys,649,DOCUMENT FORGERY / STOLEN FELONY,2016-07-15T00:00:00.000,2016-08-21T00:00:00.000,160915878,14000    VENTURA                      BL,"{'type': 'Point', 'coordinates': [-118.4377, 34.1491]}",1822 1501,702,OFFICE BUILDING/OFFICE,0985,IC,Invest Cont,1200,,X,X,,,34.1491,-118.4377,91423,2016
174,10,West Valley,888,TRESPASSING,2016-11-18T00:00:00.000,2016-11-21T00:00:00.000,161018791,6700    ZELZAH                       AV,"{'type': 'Point', 'coordinates': [-118.5227, 34.1924]}",1501 0342 1309 1817,501,SINGLE FAMILY DWELLING,1035,AO,Adult Other,1220,31,W,M,VERBAL THREAT,511,34.1924,-118.5227,91335,2016
175,10,West Valley,902,VIOLATION OF TEMPORARY RESTRAINING ORDER,2016-10-19T00:00:00.000,2016-11-23T00:00:00.000,161018908,VICTORY,"{'type': 'Point', 'coordinates': [-118.5011, 34.1866]}",1414 0913,109,PARK/PLAYGROUND,1049,AO,Adult Other,1645,26,W,F,,,34.1866,-118.5011,91406,2016
176,12,77th Street,110,CRIMINAL HOMICIDE,2016-09-30T00:00:00.000,2016-09-30T00:00:00.000,161224457,8500 S  BROADWAY,"{'type': 'Point', 'coordinates': [-118.2782, 33.9616]}",1100 0430 0216 1822 0302 0906,102,SIDEWALK,1268,IC,Invest Cont,2130,31,H,M,SEMI-AUTOMATIC PISTOL,109,33.9616,-118.2782,90003,2016
177,14,Pacific,310,BURGLARY,2016-07-07T00:00:00.000,2016-07-08T00:00:00.000,161418229,6500    RIGGS                        PL,"{'type': 'Point', 'coordinates': [-118.398, 33.9781]}",0344,501,SINGLE FAMILY DWELLING,1466,IC,Invest Cont,1100,70,W,M,,,33.9781,-118.398,90045,2016
178,15,N Hollywood,649,DOCUMENT FORGERY / STOLEN FELONY,2013-01-01T00:00:00.000,2016-10-07T00:00:00.000,161519505,5400    WHITSETT                     AV,"{'type': 'Point', 'coordinates': [-118.4052, 34.1687]}",1803,203,OTHER BUSINESS,1543,IC,Invest Cont,1200,,X,X,,,34.1687,-118.4052,91607,2013
179,17,Devonshire,649,DOCUMENT FORGERY / STOLEN FELONY,2016-06-27T00:00:00.000,2016-09-06T00:00:00.000,161721567,16200    CHASE                        ST,"{'type': 'Point', 'coordinates': [-118.4852, 34.2248]}",0561 0562,501,SINGLE FAMILY DWELLING,1797,AO,Adult Other,1200,70,X,F,,,34.2248,-118.4852,91343,2016
180,21,Topanga,649,DOCUMENT FORGERY / STOLEN FELONY,2016-02-01T00:00:00.000,2016-06-01T00:00:00.000,162113271,7300    MEDICAL CENTER               DR,"{'type': 'Point', 'coordinates': [-118.6308, 34.2024]}",0377 0928 1202 1822,719,MEDICAL/DENTAL OFFICES,2133,IC,Invest Cont,0900,82,W,M,,,34.2024,-118.6308,91303,2016
181,01,Central,210,ROBBERY,2017-05-21T00:00:00.000,2017-05-21T00:00:00.000,170114740,11TH,"{'type': 'Point', 'coordinates': [-118.2561, 34.0378]}",0344 0400 0334 0302,101,STREET,0185,IC,Invest Cont,1000,,X,X,HAND GUN,102,34.0378,-118.2561,90014,2017
182,01,Central,210,ROBBERY,2017-09-01T00:00:00.000,2017-09-01T00:00:00.000,170123684,6TH                          ST,"{'type': 'Point', 'coordinates': [-118.2558, 34.0491]}",0344 1218,102,SIDEWALK,0152,IC,Invest Cont,0130,62,B,F,,,34.0491,-118.2558,90017,2017
183,01,Central,940,EXTORTION,2017-09-03T00:00:00.000,2017-09-03T00:00:00.000,170123871,600 N  FIGUEROA                     ST,"{'type': 'Point', 'coordinates': [-118.2463, 34.0627]}",0913 0337 2040 2041 1906 1913 1915,502,"MULTI-UNIT DWELLING (APARTMENT, DUPLEX, ETC)",0111,IC,Invest Cont,1400,57,H,F,VERBAL THREAT,511,34.0627,-118.2463,90012,2017
184,01,Central,210,ROBBERY,2017-09-15T00:00:00.000,2017-09-17T00:00:00.000,170124939,100 E  6TH                          ST,"{'type': 'Point', 'coordinates': [-118.2493, 34.046]}",0416 0417 0344 0429,735,NIGHT CLUB (OPEN EVENINGS ONLY),0154,IC,Invest Cont,0001,42,B,F,"STRONG-ARM (HANDS, FIST, FEET OR BODILY FORCE)",400,34.046,-118.2493,90014,2017
185,01,Central,930,CRIMINAL THREATS - NO WEAPON DISPLAYED,2017-10-16T00:00:00.000,2017-10-16T00:00:00.000,170127133,1300 S  HOPE                         ST,"{'type': 'Point', 'coordinates': [-118.2656, 34.0395]}",0421,701,HOSPITAL,0192,AO,Adult Other,0005,35,O,F,,,34.0395,-118.2656,90015,2017
186,02,Rampart,251,SHOTS FIRED AT INHABITED DWELLING,2017-02-26T00:00:00.000,2017-02-26T00:00:00.000,170200603,1600 W  2ND                          ST,"{'type': 'Point', 'coordinates': [-118.2638, 34.0613]}",0906 0450 1100 1407,502,"MULTI-UNIT DWELLING (APARTMENT, DUPLEX, ETC)",0237,IC,Invest Cont,2020,55,H,F,UNKNOWN FIREARM,106,34.0613,-118.2638,90071,2017
187,02,Rampart,230,"ASSAULT WITH DEADLY WEAPON, AGGRAVATED ASSAULT",2017-06-09T00:00:00.000,2017-06-10T00:00:00.000,170211996,1200    MIRAMAR                      ST,"{'type': 'Point', 'coordinates': [-118.2576, 34.0572]}",1100 1402 0906 0430 1300 1410,101,STREET,0237,IC,Invest Cont,1630,18,H,M,HAND GUN,102,34.0572,-118.2576,90071,2017
188,02,Rampart,230,"ASSAULT WITH DEADLY WEAPON, AGGRAVATED ASSAULT",2017-06-09T00:00:00.000,2017-06-09T00:00:00.000,170212033,1200    MIRAMAR                      ST,"{'type': 'Point', 'coordinates': [-118.2576, 34.0572]}",1407 0906 0430 1300 1410,101,STREET,0237,IC,Invest Cont,1630,21,H,M,HAND GUN,102,34.0572,-118.2576,90071,2017
189,02,Rampart,954,CONTRIBUTING,2017-05-01T00:00:00.000,2017-08-16T00:00:00.000,170215619,BURLINGTON,"{'type': 'Point', 'coordinates': [-118.2689, 34.0613]}",1258 0360 1018 1020,502,"MULTI-UNIT DWELLING (APARTMENT, DUPLEX, ETC)",0236,IC,Invest Cont,1200,13,H,F,,,34.0613,-118.2689,90057,2017
190,02,Rampart,626,INTIMATE PARTNER - SIMPLE ASSAULT,2017-09-03T00:00:00.000,2017-09-04T00:00:00.000,170216695,100    GLENDALE                     BL,"{'type': 'Point', 'coordinates': [-118.2619, 34.0621]}",2000 1814 0448,502,"MULTI-UNIT DWELLING (APARTMENT, DUPLEX, ETC)",0237,IC,Invest Cont,2115,24,W,F,"STRONG-ARM (HANDS, FIST, FEET OR BODILY FORCE)",400,34.0621,-118.2619,90071,2017
191,02,Rampart,740,"VANDALISM - FELONY ($400 & OVER, ALL CHURCH VANDALISMS)",2017-12-25T00:00:00.000,2017-12-25T00:00:00.000,170222600,400 N  VERMONT                      AV,"{'type': 'Point', 'coordinates': [-118.2917, 34.0777]}",2004 0329 2003,210,RESTAURANT/FAST FOOD,0212,AO,Adult Other,0500,,X,X,,,34.0777,-118.2917,90029,2017
192,02,Rampart,740,"VANDALISM - FELONY ($400 & OVER, ALL CHURCH VANDALISMS)",2017-12-25T00:00:00.000,2017-12-25T00:00:00.000,170222601,400 N  VERMONT                      AV,"{'type': 'Point', 'coordinates': [-118.2917, 34.0777]}",2004 0329 0417 2003,122,"VEHICLE, PASSENGER/TRUCK",0212,IC,Invest Cont,0500,,X,X,,,34.0777,-118.2917,90029,2017
193,03,Southwest,812,CRM AGNST CHLD (13 OR UNDER) (14-15 & SUSP 10 YRS OLDER),2017-07-08T00:00:00.000,2017-10-11T00:00:00.000,170323166,1000 W  43RD                         ST,"{'type': 'Point', 'coordinates': [-118.2915, 34.0055]}",0522 1258 1251 0556 0503 0551 0400,501,SINGLE FAMILY DWELLING,0397,AO,Adult Other,1200,10,H,F,"STRONG-ARM (HANDS, FIST, FEET OR BODILY FORCE)",400,34.0055,-118.2915,90037,2017
194,03,Southwest,230,"ASSAULT WITH DEADLY WEAPON, AGGRAVATED ASSAULT",2017-11-16T00:00:00.000,2017-11-17T00:00:00.000,170325606,1300 W  30TH                         ST,"{'type': 'Point', 'coordinates': [-118.2915, 34.0278]}",0360 0416 0446 0447 0554,501,SINGLE FAMILY DWELLING,0338,AO,Adult Other,2130,22,H,M,UNKNOWN WEAPON/OTHER WEAPON,500,34.0278,-118.2915,90007,2017
195,03,Southwest,310,BURGLARY,2017-12-06T00:00:00.000,2017-12-06T00:00:00.000,170326988,2300 S  FIGUEROA                     ST,"{'type': 'Point', 'coordinates': [-118.2745, 34.0305]}",0344 1822 1607 0329 2004,729,SPECIALTY SCHOOL/OTHER,0319,AO,Adult Other,0600,,X,X,,,34.0305,-118.2745,90007,2017
196,05,Harbor,626,INTIMATE PARTNER - SIMPLE ASSAULT,2017-04-05T00:00:00.000,2017-04-05T00:00:00.000,170508380,900    RONAN                        AV,"{'type': 'Point', 'coordinates': [-118.2724, 33.7809]}",0400 1300 1813 2000,501,SINGLE FAMILY DWELLING,0522,AA,Adult Arrest,0730,23,H,F,"STRONG-ARM (HANDS, FIST, FEET OR BODILY FORCE)",400,33.7809,-118.2724,90744,2017
197,05,Harbor,812,CRM AGNST CHLD (13 OR UNDER) (14-15 & SUSP 10 YRS OLDER),2016-01-01T00:00:00.000,2017-09-11T00:00:00.000,170516389,20800 S  HARVARD                      BL,"{'type': 'Point', 'coordinates': [-118.3066, 33.8419]}",0522 0558 0913 1251 1258,501,SINGLE FAMILY DWELLING,0504,AO,Adult Other,0001,12,H,F,"STRONG-ARM (HANDS, FIST, FEET OR BODILY FORCE)",400,33.8419,-118.3066,90501,2016
198,05,Harbor,812,CRM AGNST CHLD (13 OR UNDER) (14-15 & SUSP 10 YRS OLDER),2016-01-01T00:00:00.000,2017-09-11T00:00:00.000,170516390,20800 S  HARVARD                      BL,"{'type': 'Point', 'coordinates': [-118.3066, 33.8419]}",0551 0522 0558 0913 1251 1258,501,SINGLE FAMILY DWELLING,0504,AO,Adult Other,0001,14,H,F,"STRONG-ARM (HANDS, FIST, FEET OR BODILY FORCE)",400,33.8419,-118.3066,90501,2016
199,07,Wilshire,310,BURGLARY,2017-09-17T00:00:00.000,2017-09-17T00:00:00.000,170715755,7700    MELROSE                      AV,"{'type': 'Point', 'coordinates': [-118.3574, 34.0837]}",0344 0397 1414,203,OTHER BUSINESS,0702,AO,Adult Other,0500,22,O,M,,,34.0837,-118.3574,90036,2017
